idstate,probability
0,0.34555265223581244
1,0.11398248497540195
2,0.5404648627887856
3,0.0
